wbniv/bumper2bumper	266852030	Frontend Release	.github/workflows/frontend-release.yml	41	23402	11	6185
wbniv/bumper2bumper	266963441	MVP Release	.github/workflows/frontend-release-mvp.yml	41	21831	8	4716
wbniv/indri.studio	275898555	Deploy	.github/workflows/deploy.yml	60	15815	8	3474
wbniv/worldfoundry.org	279039577	Build, sign, and publish APT repo	.github/workflows/apt-publish.yml	40	15418	5	988
wbniv/bumper2bumper	263946282	Mobile CI	.github/workflows/mobile-ci.yml	34	5971	2	350
wbniv/bumper2bumper	266526347	Lightsail rebake	.github/workflows/lightsail-rebake.yml	29	5107	19	2650
wbniv/bumper2bumper	263946280	Backend CI	.github/workflows/backend-ci.yml	32	4237	12	1320
wbniv/bumper2bumper	273638270	docker_compose in /deploy-mvp - Update #1370240926	dynamic/dependabot/dependabot-updates	36	2598	8	1234
wbniv/worldfoundry.org	276785480	Deploy	.github/workflows/deploy.yml	10	1143	9	1024
wbniv/finding-your-way	263555068	deploy	.github/workflows/deploy.yml	3	885	3	885
wbniv/indri.studio	280904657	Build, sign, and publish APT repo	.github/workflows/publish.yml	4	815	1	209
wbniv/bumper2bumper	274147254	Health check	.github/workflows/healthcheck.yml	39	373	2	25
wbniv/bumper2bumper	273740673	Infra Validate	.github/workflows/infra-validate.yml	15	305	0	0
wbniv/bumper2bumper	273757727	Rotate Lightsail SSH key	.github/workflows/rotate-lightsail-ssh.yml	2	171	1	140
wbniv/bumper2bumper	273766564	Graph Update: pip in /tools/splitledger_tui #1357988654	dynamic/dependabot/update-graph	1	112	0	0
wbniv/bumper2bumper	274175176	Monthly restore drill	.github/workflows/monthly-restore-drill.yml	3	109	2	70
wbniv/bumper2bumper	274182227	Rotate prod secrets	.github/workflows/rotate-prod-secrets.yml	3	96	2	40
wbniv/bumper2bumper	274562675	Rotate prod Resend API key	.github/workflows/rotate-prod-resend.yml	2	52	0	0
wbniv/bumper2bumper	274515543	Rotate prod turnstile secret	.github/workflows/rotate-prod-turnstile.yml	1	43	0	0
wbniv/parking-space	259299625	Shell Hygiene	.github/workflows/shell-hygiene.yml	2	34	2	34
wbniv/parking-space	248217423	Deploy	.github/workflows/deploy.yml	1	29	1	29
wbniv/bumper2bumper	274617430	Remind — rotate Google OAuth client secret	.github/workflows/remind-google-client-secret-rotation.yml	1	10	0	0
